iteration,num_frames,time_in_s,individual_id,species_id,fitness,num_nodes,num_connections
0,69532,0.00034809112548828125,1,1,-126.5207761321679,4,96
0,69532,0.0003848075866699219,2,1,-104.86174208823753,4,96
0,69532,0.00039196014404296875,3,1,-138.97895607190395,4,96
0,69532,0.0003972053527832031,4,1,-89.05928371499121,4,96
0,69532,0.0004019737243652344,5,1,-105.18177685958742,4,96
0,69532,0.0004062652587890625,6,1,-109.19795746314955,4,96
0,69532,0.0004107952117919922,7,1,-122.01479101992112,4,96
0,69532,0.0004153251647949219,8,1,-135.1171819699971,4,96
0,69532,0.00041961669921875,9,1,-114.50511835829273,4,96
0,69532,0.0004239082336425781,10,1,-109.27337207101033,4,96
0,69532,0.0004284381866455078,11,1,-106.37513970862935,4,96
0,69532,0.00043320655822753906,12,1,-122.48272221404739,4,96
0,69532,0.00043773651123046875,13,1,-96.1590564340411,4,96
0,69532,0.00044226646423339844,14,1,-109.24278833812647,4,96
0,69532,0.0004467964172363281,15,1,-126.03706398370713,4,96
0,69532,0.0004508495330810547,16,1,-104.32096624108371,4,96
0,69532,0.0004551410675048828,17,1,-101.3541230707733,4,96
0,69532,0.00045990943908691406,18,1,-126.77557356516381,4,96
0,69532,0.00046443939208984375,19,1,-123.6907749465201,4,96
0,69532,0.00046896934509277344,20,1,-76.89532317659688,4,96
0,69532,0.0004734992980957031,21,1,-118.66906464715709,4,96
0,69532,0.0004780292510986328,22,1,-102.52977627779762,4,96
0,69532,0.0004825592041015625,23,1,-113.42098491917523,4,96
0,69532,0.0004870891571044922,24,1,-91.93472193313144,4,96
0,69532,0.0004916191101074219,25,1,-95.43345126504694,4,96
0,69532,0.00049591064453125,26,1,-114.1601704732195,4,96
0,69532,0.0005002021789550781,27,1,-132.20647197514128,4,96
0,69532,0.0005047321319580078,28,1,-122.73901462323238,4,96
0,69532,0.0005092620849609375,29,1,-123.29409198340437,4,96
0,69532,0.0005135536193847656,30,1,-104.1702766263692,4,96
0,69532,0.0005178451538085938,31,1,-118.1282336466935,4,96
0,69532,0.0005228519439697266,32,1,-117.06315428910389,4,96
0,69532,0.0005271434783935547,33,1,-103.8572308032039,4,96
0,69532,0.0005314350128173828,34,1,-108.36740906893984,4,96
0,69532,0.0005357265472412109,35,1,-116.84519695779743,4,96
0,69532,0.0005402565002441406,36,1,-110.59438424581002,4,96
0,69532,0.0005447864532470703,37,1,-104.04860798090817,4,96
0,69532,0.0005490779876708984,38,1,-103.13171040283034,4,96
0,69532,0.0005545616149902344,39,1,-106.63801074539501,4,96
0,69532,0.0005593299865722656,40,1,-124.47537395832725,4,96
0,69532,0.0005636215209960938,41,1,-110.12614925820097,4,96
0,69532,0.000568389892578125,42,1,-86.63948649932165,4,96
0,69532,0.0005726814270019531,43,1,-103.02884681482537,4,96
0,69532,0.0005769729614257812,44,1,-117.36163925073714,4,96
0,69532,0.0005812644958496094,45,1,-93.43713913142446,4,96
0,69532,0.0005857944488525391,46,1,-112.54711362405942,4,96
0,69532,0.0005900859832763672,47,1,-113.61903328265065,4,96
0,69532,0.0005943775177001953,48,1,-108.9836283430976,4,96
0,69532,0.0005986690521240234,49,1,-72.73563267326806,4,96
0,69532,0.0006041526794433594,50,1,-58.607138204978924,4,96
0,69532,0.0006084442138671875,51,1,-85.17846983789772,4,96
0,69532,0.0006127357482910156,52,1,-139.6209263278081,4,96
0,69532,0.0006172657012939453,53,1,-103.7901420015059,4,96
0,69532,0.0006213188171386719,54,1,-112.69505178564576,4,96
0,69532,0.0006256103515625,55,1,-106.97107389434534,4,96
0,69532,0.0006296634674072266,56,1,-101.3235070961321,4,96
0,69532,0.0006341934204101562,57,1,-102.19084404675807,4,96
0,69532,0.0006387233734130859,58,1,-100.84063865125854,4,96
0,69532,0.0006430149078369141,59,1,-104.27102556849407,4,96
0,69532,0.0006470680236816406,60,1,-109.36716600384635,4,96
0,69532,0.0006518363952636719,61,1,-118.6987439764156,4,96
0,69532,0.0006561279296875,62,1,-120.93624929203027,4,96
0,69532,0.0006604194641113281,63,1,-110.11447686244138,4,96
0,69532,0.0006647109985351562,64,1,-104.06955712130987,4,96
0,69532,0.0006692409515380859,65,1,-70.41382330866611,4,96
0,69532,0.0006735324859619141,66,1,-116.36985791792398,4,96
0,69532,0.0006775856018066406,67,1,-120.07156450265863,4,96
0,69532,0.0006821155548095703,68,1,-105.27877001355763,4,96
0,69532,0.0006864070892333984,69,1,-113.35942625526909,4,96
0,69532,0.0006906986236572266,70,1,-50.04908812977554,4,96
0,69532,0.0006947517395019531,71,1,-100.60475565739723,4,96
0,69532,0.0006990432739257812,72,1,-107.36047506683427,4,96
0,69532,0.0007035732269287109,73,1,-92.03348503915238,4,96
0,69532,0.0007076263427734375,74,1,-127.9905828183307,4,96
0,69532,0.0007119178771972656,75,1,-106.93241080527574,4,96
0,69532,0.0007159709930419922,76,1,-127.22953641417438,4,96
0,69532,0.0007212162017822266,77,1,-123.0516716815169,4,96
0,69532,0.0007255077362060547,78,1,-115.2434597038536,4,96
0,69532,0.0007300376892089844,79,1,-123.50770519629508,4,96
0,69532,0.0007345676422119141,80,1,-93.72675314118446,4,96
0,69532,0.0007386207580566406,81,1,-119.03813987557167,4,96
0,69532,0.0007429122924804688,82,1,-91.95088392657736,4,96
0,69532,0.0007472038269042969,83,1,-101.52939100237992,4,96
0,69532,0.000751495361328125,84,1,-88.85740541397216,4,96
0,69532,0.0007562637329101562,85,1,-109.7376875455918,4,96
0,69532,0.0007605552673339844,86,1,-101.44721961950115,4,96
0,69532,0.0007648468017578125,87,1,-107.98167329839833,4,96
0,69532,0.0007693767547607422,88,1,-109.35948639318981,4,96
0,69532,0.0007736682891845703,89,1,-113.24018510439126,4,96
0,69532,0.0007779598236083984,90,1,-95.12953445535048,4,96
0,69532,0.0007822513580322266,91,1,-126.65031098905996,4,96
0,69532,0.0007867813110351562,92,1,-117.29453596408545,4,96
0,69532,0.0007913112640380859,93,1,-104.76355778658234,4,96
0,69532,0.0007958412170410156,94,1,-109.71874618526621,4,96
0,69532,0.0008001327514648438,95,1,-111.77434496309868,4,96
0,69532,0.0008046627044677734,96,1,-120.12523532337853,4,96
0,69532,0.0008091926574707031,97,1,-129.26477858150702,4,96
0,69532,0.0008134841918945312,98,1,-117.62490793306414,4,96
0,69532,0.0008180141448974609,99,1,-118.44848211269375,4,96
0,69532,0.0008220672607421875,100,1,-49.17110907290805,4,96
0,69532,0.0008263587951660156,101,1,-105.85296588293733,4,96
0,69532,0.0008306503295898438,102,1,-65.94314208592277,4,96
0,69532,0.000835418701171875,103,1,-115.56300210841874,4,96
0,69532,0.0008397102355957031,104,1,-105.40629440223353,4,96
0,69532,0.0008440017700195312,105,1,-108.96367377117139,4,96
0,69532,0.0008485317230224609,106,1,-103.24392413789066,4,96
0,69532,0.0008530616760253906,107,1,-100.01225926656089,4,96
0,69532,0.0008573532104492188,108,1,-107.51369530971789,4,96
0,69532,0.0008614063262939453,109,1,-104.68567853418632,4,96
0,69532,0.0008656978607177734,110,1,-127.59623425598957,4,96
0,69532,0.0008707046508789062,111,1,-66.91060965534838,4,96
0,69532,0.0008752346038818359,112,1,-125.55835056254149,4,96
0,69532,0.0008795261383056641,113,1,-113.65423024655577,4,96
0,69532,0.0008840560913085938,114,1,-101.18850212012855,4,96
0,69532,0.0008883476257324219,115,1,-112.45930476664435,4,96
0,69532,0.00089263916015625,116,1,-117.57832044742749,4,96
0,69532,0.0008966922760009766,117,1,-133.09958931878847,4,96
0,69532,0.0009012222290039062,118,1,-115.57619603341115,4,96
0,69532,0.0009057521820068359,119,1,-126.3606919881905,4,96
0,69532,0.0009098052978515625,120,1,-102.1311600403446,4,96
0,69532,0.0009140968322753906,121,1,-117.78307829860105,4,96
0,69532,0.0009186267852783203,122,1,-137.96972324168212,4,96
0,69532,0.0009229183197021484,123,1,-101.85546678234154,4,96
0,69532,0.000926971435546875,124,1,-107.79295675038482,4,96
0,69532,0.0009310245513916016,125,1,-103.09652974076954,4,96
0,69532,0.0009353160858154297,126,1,-104.58158225016491,4,96
0,69532,0.0009398460388183594,127,1,-62.26976472610341,4,96
0,69532,0.0009438991546630859,128,1,-108.6229659162778,4,96
0,69532,0.0009479522705078125,129,1,-170.40768571156087,4,96
0,69532,0.0009522438049316406,130,1,-144.02342179170319,4,96
0,69532,0.0009567737579345703,131,1,-133.203820104178,4,96
0,69532,0.0009610652923583984,132,1,-122.5941355288463,4,96
0,69532,0.0009655952453613281,133,1,-128.93745492992196,4,96
0,69532,0.0009696483612060547,134,1,-108.85949624902949,4,96
0,69532,0.0009741783142089844,135,1,-84.68206598688514,4,96
0,69532,0.0010652542114257812,136,1,-100.06395984990998,4,96
0,69532,0.001074075698852539,137,1,-106.15617907427608,4,96
0,69532,0.001079559326171875,138,1,-122.19003963328001,4,96
0,69532,0.0010843276977539062,139,1,-115.30589341218675,4,96
0,69532,0.001104116439819336,140,1,-127.51251650081474,4,96
0,69532,0.0011081695556640625,141,1,-73.0574031347117,4,96
0,69532,0.001132965087890625,142,1,-91.20858218165509,4,96
0,69532,0.0011379718780517578,143,1,-100.3739738229418,4,96
0,69532,0.0011425018310546875,144,1,-121.1112846539645,4,96
0,69532,0.0011470317840576172,145,1,-117.94544836605445,4,96
0,69532,0.0011518001556396484,146,1,-119.29605216300753,4,96
0,69532,0.0011563301086425781,147,1,-123.83154795392397,4,96
0,69532,0.0011608600616455078,148,1,-113.51355991659742,4,96
0,69532,0.0011658668518066406,149,1,-116.16655892061708,4,96
0,69532,0.0011701583862304688,150,1,-135.12378627303355,4,96
0,69532,0.0011746883392333984,151,1,-107.00453970776888,4,96
0,69532,0.0011794567108154297,152,1,-119.22360582463708,4,96
0,69532,0.0011839866638183594,153,1,-102.68075803473396,4,96
0,69532,0.0011882781982421875,154,1,-108.6784087865778,4,96
0,69532,0.0011930465698242188,155,1,-66.65985930662009,4,96
0,69532,0.0011973381042480469,156,1,-103.1379139981123,4,96
0,69532,0.0012018680572509766,157,1,-110.93038929751133,4,96
0,69532,0.0012202262878417969,158,1,-71.41512073780046,4,96
0,69532,0.0012247562408447266,159,1,-99.71585396643012,4,96
0,69532,0.0012290477752685547,160,1,-112.57029139188546,4,96
0,69532,0.0012333393096923828,161,1,-155.32081131495346,4,96
0,69532,0.001237630844116211,162,1,-122.79426867238092,4,96
0,69532,0.0012421607971191406,163,1,-127.23647319453514,4,96
0,69532,0.0012602806091308594,164,1,-106.97106393072889,4,96
0,69532,0.001264810562133789,165,1,-117.04179252307,4,96
0,69532,0.0012938976287841797,166,1,-90.68985493342753,4,96
0,69532,0.0013012886047363281,167,1,-101.13695378373427,4,96
0,69532,0.0013089179992675781,168,1,-146.48736884841585,4,96
0,69532,0.0013153553009033203,169,1,-102.10552909719662,4,96
0,69532,0.00131988525390625,170,1,-92.5316764166841,4,96
0,69532,0.0013244152069091797,171,1,-107.58384329142876,4,96
0,69532,0.0013430118560791016,172,1,-114.80534677791084,4,96
0,69532,0.0013473033905029297,173,1,-92.99685043638495,4,96
0,69532,0.0013742446899414062,174,1,-103.03119586771662,4,96
0,69532,0.001378774642944336,175,1,-123.14797127347228,4,96
0,69532,0.001383066177368164,176,1,-94.44212830326127,4,96
0,69532,0.0013878345489501953,177,1,-107.82674859064434,4,96
0,69532,0.001392364501953125,178,1,-127.62111427614445,4,96
0,69532,0.0013966560363769531,179,1,-121.99187415188531,4,96
0,69532,0.0014014244079589844,180,1,-133.35622260894894,4,96
0,69532,0.001420736312866211,181,1,-113.82125905529236,4,96
0,69532,0.0014259815216064453,182,1,-108.24400115141418,4,96
0,69532,0.0014543533325195312,183,1,-82.16384956323152,4,96
0,69532,0.001458883285522461,184,1,-106.71579455894661,4,96
0,69532,0.0014636516571044922,185,1,-144.98187212450463,4,96
0,69532,0.0014684200286865234,186,1,-109.38905231348832,4,96
0,69532,0.0014729499816894531,187,1,-119.56611535129092,4,96
0,69532,0.0014774799346923828,188,1,-118.33121215618007,4,96
0,69532,0.001482248306274414,189,1,-108.63485948594997,4,96
0,69532,0.0014867782592773438,190,1,-119.82243387929634,4,96
0,69532,0.0014925003051757812,191,1,-106.38318905855998,4,96
0,69532,0.0014979839324951172,192,1,-103.89015386550274,4,96
0,69532,0.0015025138854980469,193,1,-103.71681493435084,4,96
0,69532,0.0015070438385009766,194,1,-125.31925460330342,4,96
0,69532,0.0015115737915039062,195,1,-111.92905835795314,4,96
0,69532,0.001516103744506836,196,1,-115.07961823536805,4,96
0,69532,0.0015206336975097656,197,1,-113.68507628196295,4,96
0,69532,0.0015273094177246094,198,1,-120.35538343940671,4,96
0,69532,0.0015354156494140625,199,1,-114.859943045601,4,96
0,69532,0.0015408992767333984,200,1,-130.53610029049742,4,96
1,142836,4.834790229797363,100,1,-45.8529796545959,4,96
1,142836,4.834813117980957,70,1,-50.64583681620933,4,96
1,142836,4.834822416305542,50,1,-58.7168709211078,4,96
1,142836,4.8348307609558105,201,1,-169.82140761270242,4,96
1,142836,4.834839820861816,202,1,-95.57804340411435,4,96
1,142836,4.834847450256348,203,1,-112.09239255046906,4,96
1,142836,4.834855318069458,204,1,-198.329218098232,4,96
1,142836,4.834863185882568,205,1,-107.07258262689263,4,96
1,142836,4.834871053695679,206,1,-101.79909833392315,4,96
1,142836,4.834878921508789,207,1,-109.73193037720702,4,96
1,142836,4.83488655090332,208,1,-114.41030731605565,4,96
1,142836,4.83489465713501,209,1,-107.79413609229873,4,96
1,142836,4.834902286529541,210,1,-103.38420005184415,4,96
1,142836,4.834910154342651,211,1,-128.97941665311856,4,96
1,142836,4.834917783737183,212,1,-112.597966211883,4,96
1,142836,4.834925651550293,213,1,-110.21647429733058,4,96
1,142836,4.834933519363403,214,1,-89.95566447380423,4,96
1,142836,4.834941387176514,215,1,-124.07201854110743,4,96
1,142836,4.834948778152466,216,1,-112.94689422183478,4,96
1,142836,4.834956884384155,217,1,-122.66715737841488,4,96
1,142836,4.8349645137786865,218,1,-144.98112080076757,4,96
1,142836,4.834972381591797,219,1,-127.13524383351816,4,96
1,142836,4.834980487823486,220,1,-129.55472677643613,4,96
1,142836,4.834988355636597,221,1,-108.86233215520778,4,96
1,142836,4.834996223449707,222,1,-91.23143024400689,4,96
1,142836,4.835003614425659,223,1,-113.66686611465506,4,96
1,142836,4.83501124382019,224,1,-115.2884607421616,4,96
1,142836,4.835018634796143,225,1,-113.83197116149749,4,96
1,142836,4.835026502609253,226,1,-55.66691561666508,4,96
1,142836,4.835034132003784,227,1,-95.6312356471428,4,96
1,142836,4.835041522979736,228,1,-101.8088554596695,4,96
1,142836,4.8350489139556885,229,1,-86.59913196303523,4,96
1,142836,4.835056781768799,230,1,-113.65963734211434,4,96
1,142836,4.835064649581909,231,1,-103.91552167626676,4,96
1,142836,4.83507227897644,232,1,-110.22710938406883,4,96
1,142836,4.835079908370972,233,1,-126.60830514452522,4,96
1,142836,4.835087537765503,234,1,-112.62808404367118,4,96
1,142836,4.835095167160034,235,1,-121.65579734974011,4,96
1,142836,4.835103273391724,236,1,-117.55195497911487,4,96
1,142836,4.835110664367676,237,1,-114.17271253367541,4,96
1,142836,4.835118293762207,238,1,-120.60036777278482,4,96
1,142836,4.835125923156738,239,1,-102.75808418397213,4,96
1,142836,4.83513331413269,240,1,-114.88164237985862,4,96
1,142836,4.835141181945801,241,1,-71.72848200320574,4,96
1,142836,4.835148572921753,242,1,-126.62136643959916,4,96
1,142836,4.835156202316284,243,1,-85.48885153986267,4,96
1,142836,4.835163593292236,244,1,-118.97805949400731,4,96
1,142836,4.835171222686768,245,1,-112.34695065696108,4,96
1,142836,4.835179090499878,246,1,-107.57213423939965,4,96
1,142836,4.835186958312988,247,1,-103.67143786729012,4,96
1,142836,4.83519434928894,248,1,-129.0961159795642,4,96
1,142836,4.835201740264893,249,1,-109.60638523043953,4,96
1,142836,4.835209369659424,250,1,-113.53435967899733,4,96
1,142836,4.835216999053955,251,1,-127.7202841944229,4,96
1,142836,4.835224866867065,252,1,-106.69759105777182,4,96
1,142836,4.835232496261597,253,1,-111.09447466030494,4,96
1,142836,4.835239887237549,254,1,-109.12587543111549,4,96
1,142836,4.83524751663208,255,1,-118.04402933749988,4,96
1,142836,4.835254907608032,256,1,-108.95775198412711,4,96
1,142836,4.835262775421143,257,1,-128.87677442245712,4,96
1,142836,4.835270166397095,258,1,-100.72029871709701,4,96
1,142836,4.835277795791626,259,1,-92.74451569101818,4,96
1,142836,4.835285663604736,260,1,-111.43699008746383,4,96
1,142836,4.835293531417847,261,1,-81.66560129948513,4,96
1,142836,4.835300922393799,262,1,-115.83883323641041,4,96
1,142836,4.83530855178833,263,1,-107.10056767495215,4,96
1,142836,4.835316181182861,264,1,-101.82749233286138,4,96
1,142836,4.835323810577393,265,1,-91.59858384440747,4,96
1,142836,4.835331201553345,266,1,-106.29713998863669,4,96
1,142836,4.835339069366455,267,1,-111.37888011411185,4,96
1,142836,4.835346698760986,268,1,-115.62785702508563,4,96
1,142836,4.8353540897369385,269,1,-109.50390231213315,4,96
1,142836,4.835361957550049,270,1,-115.2721888467397,4,96
1,142836,4.835369348526001,271,1,-102.82463533089712,4,96
1,142836,4.835377216339111,272,1,-114.85178712773114,4,96
1,142836,4.835384845733643,273,1,-87.25043679380555,4,96
1,142836,4.835393190383911,274,1,-114.36742416909087,4,96
1,142836,4.8354010581970215,275,1,-128.92527868386023,4,96
1,142836,4.835408687591553,276,1,-116.60797335564155,4,96
1,142836,4.835416555404663,277,1,-131.70793274208793,4,96
1,142836,4.835424184799194,278,1,-77.57754025902078,4,96
1,142836,4.8354315757751465,279,1,-107.0565247638518,4,96
1,142836,4.835439443588257,280,1,-113.11000691897462,4,96
1,142836,4.835446834564209,281,1,-113.85375662801714,4,96
1,142836,4.835454225540161,282,1,-98.87484016322436,4,96
1,142836,4.835461854934692,283,1,-59.458125352571074,4,96
1,142836,4.835469484329224,284,1,-115.07139080465231,4,96
1,142836,4.835477352142334,285,1,-123.84106824686502,4,96
1,142836,4.835484743118286,286,1,-123.94893016820919,4,96
1,142836,4.835492372512817,287,1,-125.19886096105041,4,96
1,142836,4.8354997634887695,288,1,-141.35698112252456,4,96
1,142836,4.835507392883301,289,1,-124.32891016505594,4,96
1,142836,4.835515737533569,290,1,-112.34203945818236,4,96
1,142836,4.835523366928101,291,1,-103.96252986745542,4,96
1,142836,4.835530996322632,292,1,-123.80332742290256,4,96
1,142836,4.835538625717163,293,1,-123.45716713341574,4,96
1,142836,4.835546016693115,294,1,-92.80704640721177,4,96
1,142836,4.835554122924805,295,1,-112.79438874861555,4,96
1,142836,4.835561752319336,296,1,-113.70361895201496,4,96
1,142836,4.835569381713867,297,1,-120.87826008613615,4,96
1,142836,4.835577011108398,298,1,-112.10083331886604,4,96
1,142836,4.83558464050293,299,1,-90.53915521082158,4,96
1,142836,4.83559250831604,300,1,-113.62827038751745,4,96
1,142836,4.835600137710571,301,1,-122.0833742661931,4,96
1,142836,4.835607528686523,302,1,-106.07927273073757,4,96
1,142836,4.835614919662476,303,1,-124.80421165915615,4,96
1,142836,4.835622549057007,304,1,-117.294035195607,4,96
1,142836,4.835630416870117,305,1,-108.17675557883457,4,96
1,142836,4.835638046264648,306,1,-81.42710790611508,4,96
1,142836,4.83564567565918,307,1,-123.27839012898626,4,96
1,142836,4.83565354347229,308,1,-101.31538373034319,4,96
1,142836,4.8356614112854,309,1,-110.24264547052134,4,96
1,142836,4.83566951751709,310,1,-106.84318605827356,4,96
1,142836,4.835676908493042,311,1,-78.04997006381846,4,96
1,142836,4.835684537887573,312,1,-115.96753250797181,4,96
1,142836,4.8356921672821045,313,1,-126.20643929059926,4,96
1,142836,4.835700035095215,314,1,-106.8786280133465,4,96
1,142836,4.835707664489746,315,1,-113.88969092006693,4,96
1,142836,4.835715293884277,316,1,-107.6617702166358,4,96
1,142836,4.835722923278809,317,1,-117.29565935691983,4,96
1,142836,4.835730314254761,318,1,-117.63990870014896,4,96
1,142836,4.835738182067871,319,1,-108.94223825541384,4,96
1,142836,4.835745811462402,320,1,-115.22243642891803,4,96
1,142836,4.835753440856934,321,1,-115.51867769550032,4,96
1,142836,4.835760831832886,322,1,-113.2795693937504,4,96
1,142836,4.835768461227417,323,1,-119.55480103060967,4,96
1,142836,4.835776090621948,324,1,-104.58411747984319,4,96
1,142836,4.8357837200164795,325,1,-102.21549604921327,4,96
1,142836,4.835791349411011,326,1,-82.2578134684074,4,96
1,142836,4.835798978805542,327,1,-129.04133161744016,4,96
1,142836,4.8358073234558105,328,1,-111.84996067779483,4,96
1,142836,4.835814952850342,329,1,-116.87442724136271,4,96
1,142836,4.835822582244873,330,1,-118.401057554303,4,96
1,142836,4.835829973220825,331,1,-128.24905879115147,4,96
1,142836,4.8358376026153564,332,1,-108.70366211472106,4,96
1,142836,4.835845470428467,333,1,-141.66691953605297,4,96
1,142836,4.835853099822998,334,1,-121.43743309693748,4,96
1,142836,4.83586049079895,335,1,-105.72318875385312,4,96
1,142836,4.8358683586120605,336,1,-118.76218382652674,4,96
1,142836,4.835875988006592,337,1,-108.55146532247014,4,96
1,142836,4.835920572280884,338,1,-106.41440529524733,4,96
1,142836,4.835930585861206,339,1,-142.8368246981874,4,96
1,142836,4.835938453674316,340,1,-79.22906632759755,4,96
1,142836,4.835946321487427,341,1,-111.27858727071491,4,96
1,142836,4.835954189300537,342,1,-108.44377208503033,4,96
1,142836,4.835961580276489,343,1,-119.52894643185482,4,96
1,142836,4.8359694480896,344,1,-114.634712676014,4,96
1,142836,4.835976839065552,345,1,-113.45969717229544,4,96
1,142836,4.835984706878662,346,1,-80.27093427029865,4,96
1,142836,4.835992336273193,347,1,-101.30172797401431,4,96
1,142836,4.835999965667725,348,1,-113.01348926472538,4,96
1,142836,4.836007595062256,349,1,-104.43998815958899,4,96
1,142836,4.836015462875366,350,1,-102.67841490879525,4,96
1,142836,4.8360230922698975,351,1,-93.82707171443501,4,96
1,142836,4.836049795150757,352,1,-123.03157833213703,4,96
1,142836,4.836057901382446,353,1,-120.30544845388653,4,96
1,142836,4.836086273193359,354,1,-103.8878590408334,4,96
1,142836,4.836094379425049,355,1,-128.00755056522954,4,96
1,142836,4.836102724075317,356,1,-118.24114297867268,4,96
1,142836,4.836111068725586,357,1,-128.89134852503088,4,96
1,142836,4.836132526397705,358,1,-128.65891543240926,4,96
1,142836,4.836140155792236,359,1,-85.06667332829153,4,96
1,142836,4.836162805557251,360,1,-108.62140220682926,4,96
1,142836,4.836190700531006,361,1,-97.65358171591336,4,96
1,142836,4.836212873458862,362,1,-122.32132585414232,4,96
1,142836,4.836241245269775,363,1,-106.67602401804601,4,96
1,142836,4.836248874664307,364,1,-130.37295997155258,4,96
1,142836,4.836370944976807,365,1,-103.09520342636219,4,96
1,142836,4.8363938331604,366,1,-104.92783130073843,4,96
1,142836,4.836401700973511,367,1,-109.73365443859652,4,96
1,142836,4.836430072784424,368,1,-102.8074020285334,4,96
1,142836,4.836438179016113,369,1,-69.41948148287554,4,96
1,142836,4.836446523666382,370,1,-116.04804694937175,4,96
1,142836,4.836454391479492,371,1,-111.68609538604719,4,96
1,142836,4.836462497711182,372,1,-146.44089109199862,4,96
1,142836,4.83647084236145,373,1,-110.40393248222136,4,96
1,142836,4.8364787101745605,374,1,-102.97626395436036,4,96
1,142836,4.83648681640625,375,1,-164.35000489453515,4,96
1,142836,4.836495399475098,376,1,-95.23126278095994,4,96
1,142836,4.836503267288208,377,1,-126.2933707220281,4,96
1,142836,4.836511611938477,378,1,-134.44140028127612,4,96
1,142836,4.836519718170166,379,1,-132.17049346067066,4,96
1,142836,4.8365278244018555,380,1,-110.34901680765027,4,96
1,142836,4.836536169052124,381,1,-110.9697760962992,4,96
1,142836,4.8365442752838135,382,1,-119.68872100130145,4,96
1,142836,4.836552381515503,383,1,-91.23000915376771,4,96
1,142836,4.8365607261657715,384,1,-105.11709944922863,4,96
1,142836,4.836568832397461,385,1,-110.28163237067773,4,96
1,142836,4.8365771770477295,386,1,-104.61261716581957,4,96
1,142836,4.836585760116577,387,1,-146.09121913424804,4,96
1,142836,4.836593866348267,388,1,-109.10553780601342,4,96
1,142836,4.836601734161377,389,1,-47.217504476788584,4,96
1,142836,4.8366100788116455,390,1,-122.43403181129429,4,96
1,142836,4.836618185043335,391,1,-130.74231556230046,4,96
1,142836,4.8366265296936035,392,1,-74.40372548432154,4,96
1,142836,4.836634397506714,393,1,-103.50950676042234,4,96
1,142836,4.836642503738403,394,1,-121.79633773585732,4,96
1,142836,4.836650371551514,395,1,-101.34168293336168,4,96
1,142836,4.836658716201782,396,1,-103.36826515461976,4,96
1,142836,4.836666822433472,397,1,-111.96002017717258,4,96
2,239959,10.986371040344238,100,1,-77.4142358389741,4,96
2,239959,10.986387729644775,389,1,-42.037448254525856,4,96
2,239959,10.98639440536499,70,1,-76.81582926182958,4,96
2,239959,10.98639965057373,398,1,-100.19399063523507,4,96
2,239959,10.986404657363892,399,1,-106.3235590695986,4,96
2,239959,10.986409187316895,400,1,-109.05907668933331,4,96
2,239959,10.986413955688477,401,1,-90.61998258147202,4,96
2,239959,10.986419200897217,402,1,-84.6337466959489,4,96
2,239959,10.98642373085022,403,1,-105.13090878834515,4,96
2,239959,10.98642897605896,404,1,-114.06807637657904,4,96
2,239959,10.986433744430542,405,1,-91.75016009605145,4,96
2,239959,10.986438035964966,406,1,-116.89357858355451,4,96
2,239959,10.986443042755127,407,1,-86.86708705996524,4,96
2,239959,10.98644757270813,408,1,-101.67583193044287,4,96
2,239959,10.986452102661133,409,1,-94.8979790781377,4,96
2,239959,10.986456632614136,410,1,-102.5717857276568,4,96
2,239959,10.98646092414856,411,1,-124.56830008229485,4,96
2,239959,10.986465454101562,412,1,-86.70223805475162,4,96
2,239959,10.986470460891724,413,1,-74.76701952126504,4,96
2,239959,10.986474990844727,414,1,-113.37787827238813,4,96
2,239959,10.98647952079773,415,1,-152.34676382370768,4,96
2,239959,10.986484289169312,416,1,-118.34157156812631,4,96
2,239959,10.986488580703735,417,1,-104.81221588200876,4,96
2,239959,10.986493110656738,418,1,-125.36590951328586,4,96
2,239959,10.986497640609741,419,1,-90.85545095452454,4,96
2,239959,10.986502170562744,420,1,-122.87884311762738,4,96
2,239959,10.986506700515747,421,1,-100.05399111484974,4,96
2,239959,10.98651123046875,422,1,-131.25004503072742,4,96
2,239959,10.986516237258911,423,1,-92.83706561614107,4,96
2,239959,10.986520767211914,424,1,-79.06365811100028,4,96
2,239959,10.986525535583496,425,1,-93.17088510435758,4,96
2,239959,10.98652982711792,426,1,-85.93906747730657,4,96
2,239959,10.986534357070923,427,1,-94.65815794921649,4,96
2,239959,10.986538648605347,428,1,-98.85583475397708,4,96
2,239959,10.986543416976929,429,1,-127.5076132221712,4,96
2,239959,10.986547708511353,430,1,-112.39444651060043,4,96
2,239959,10.986552238464355,431,1,-63.784773388013846,4,96
2,239959,10.986556768417358,432,1,-80.82648117554376,4,96
2,239959,10.98656153678894,433,1,-139.95151007329912,4,96
2,239959,10.986566066741943,434,1,-110.66187722874588,4,96
2,239959,10.986570596694946,435,1,-109.6975539231396,4,96
2,239959,10.98657512664795,436,1,-115.39168060518539,4,96
2,239959,10.986579656600952,437,1,-113.62092989795855,4,96
2,239959,10.986583948135376,438,1,-86.16154246226937,4,96
2,239959,10.986588716506958,439,1,-97.40728619709641,4,96
2,239959,10.986593008041382,440,1,-89.25592131856985,4,96
2,239959,10.986597537994385,441,1,-136.99314218334075,4,96
2,239959,10.986602544784546,442,1,-80.21992480533652,4,96
2,239959,10.986607074737549,443,1,-106.84599363450606,4,96
2,239959,10.986612319946289,444,1,-155.43245472121038,4,96
2,239959,10.986616611480713,445,1,-112.83131229215547,4,96
2,239959,10.986620903015137,446,1,-118.73141853108723,4,96
2,239959,10.986625671386719,447,1,-125.96240253123722,4,96
2,239959,10.986630201339722,448,1,-111.4729965175847,4,96
2,239959,10.986634492874146,449,1,-116.88694359174023,4,96
2,239959,10.986639022827148,450,1,-84.67384400140791,4,96
2,239959,10.98664379119873,451,1,-144.69546526810882,4,96
2,239959,10.986648082733154,452,1,-105.39423186055295,4,96
2,239959,10.986652612686157,453,1,-123.98924377241408,4,96
2,239959,10.986656904220581,454,1,-161.9513573025223,4,96
2,239959,10.986661672592163,455,1,-119.1571925395688,4,96
2,239959,10.986665964126587,456,1,-115.9905381956528,4,96
2,239959,10.98667049407959,457,1,-180.3839322639424,4,96
2,239959,10.986675024032593,458,1,-112.2477106040018,4,96
2,239959,10.986679315567017,459,1,-191.51793332821552,4,96
2,239959,10.98668360710144,460,1,-108.83316943863657,4,96
2,239959,10.986688137054443,461,1,-107.27532079459137,4,96
2,239959,10.986693143844604,462,1,-104.75400733225618,4,96
2,239959,10.986697435379028,463,1,-114.56009770601499,4,96
2,239959,10.986701965332031,464,1,-113.27299368470449,4,96
2,239959,10.986706733703613,465,1,-103.55804918737225,4,96
2,239959,10.986711263656616,466,1,-110.28136297458394,4,96
2,239959,10.98671555519104,467,1,-101.57498983137194,4,96
2,239959,10.986720323562622,468,1,-63.0923397255847,4,96
2,239959,10.986724615097046,469,1,-70.57754786570953,4,96
2,239959,10.986729145050049,470,1,-114.77859573340359,4,96
2,239959,10.98673415184021,471,1,-104.11093442799006,4,96
2,239959,10.986738681793213,472,1,-117.5430457027653,4,96
2,239959,10.986743211746216,473,1,-124.29268394384249,4,96
2,239959,10.986747741699219,474,1,-108.1556582365053,4,96
2,239959,10.986752033233643,475,1,-105.30802666427749,4,96
2,239959,10.986756801605225,476,1,-133.15375751123835,4,96
2,239959,10.986761569976807,477,1,-125.53065183973962,4,96
2,239959,10.98676609992981,478,1,-99.20917790630534,4,96
2,239959,10.986770629882812,479,1,-85.08199019053302,4,96
2,239959,10.986775398254395,480,1,-108.31397490932014,4,96
2,239959,10.986779928207397,481,1,-105.22215250174646,4,96
2,239959,10.986784219741821,482,1,-137.9027279596419,4,96
2,239959,10.986788749694824,483,1,-99.90989700773164,4,96
2,239959,10.986793279647827,484,1,-120.81402165241232,4,96
2,239959,10.98679780960083,485,1,-112.5326909018349,4,96
2,239959,10.986802101135254,486,1,-102.34173229384447,4,96
2,239959,10.986815929412842,487,1,-119.62250479524081,4,96
2,239959,10.986821174621582,488,1,-100.25140338959513,4,96
2,239959,10.986825704574585,489,1,-112.12325331110912,4,96
2,239959,10.986829996109009,490,1,-125.33290207465716,4,96
2,239959,10.98683476448059,491,1,-108.38017766263181,4,96
2,239959,10.986839056015015,492,1,-114.210644327407,4,96
2,239959,10.986843347549438,493,1,-115.395740317982,4,96
2,239959,10.986847639083862,494,1,-113.6932533151923,4,96
2,239959,10.986852407455444,495,1,-105.48600973274301,4,96
2,239959,10.986856698989868,496,1,-108.86834374437265,4,96
2,239959,10.986861228942871,497,1,-104.5917130284083,4,96
2,239959,10.986865997314453,498,1,-106.36879314694883,4,96
2,239959,10.986870288848877,499,1,-109.4992511557136,4,96
2,239959,10.9868745803833,500,1,-114.66512782408778,4,96
2,239959,10.986878871917725,501,1,-91.88859974466345,4,96
2,239959,10.986883640289307,502,1,-123.70980778869728,4,96
2,239959,10.98688817024231,503,1,-69.50547935035212,4,96
2,239959,10.986892461776733,504,1,-123.22210822881279,4,96
2,239959,10.986897468566895,505,1,-115.18167579073051,4,96
2,239959,10.986901998519897,506,1,-138.3337459034249,4,96
2,239959,10.986906290054321,507,1,-66.55616560473221,4,96
2,239959,10.986911296844482,508,1,-135.19111167484448,4,96
2,239959,10.986915588378906,509,1,-108.23911004226107,4,96
2,239959,10.98692011833191,510,1,-107.8785493117258,4,96
2,239959,10.986924886703491,511,1,-128.9597933513425,4,96
2,239959,10.986929178237915,512,1,-101.18759495336944,4,96
2,239959,10.986933708190918,513,1,-99.22014208275684,4,96
2,239959,10.986938238143921,514,1,-88.85106635204437,4,96
2,239959,10.986943006515503,515,1,-93.9162115441411,4,96
2,239959,10.986947298049927,516,1,-141.846237373693,4,96
2,239959,10.98695182800293,517,1,-113.62326373387162,4,96
2,239959,10.986956596374512,518,1,-132.53701870285337,4,96
2,239959,10.986961126327515,519,1,-116.37490132618208,4,96
2,239959,10.986965417861938,520,1,-114.17967819082584,4,96
2,239959,10.98697018623352,521,1,-113.49991276772275,4,96
2,239959,10.986974477767944,522,1,-86.4783985978605,4,96
2,239959,10.986978769302368,523,1,-113.66464234314292,4,96
2,239959,10.98698377609253,524,1,-108.62760415596631,4,96
2,239959,10.98698878288269,525,1,-115.09837147403834,4,96
2,239959,10.986993312835693,526,1,-121.18461709102887,4,96
2,239959,10.986997842788696,527,1,-121.55112278748389,4,96
2,239959,10.9870023727417,528,1,-101.52871268073292,4,96
2,239959,10.987006664276123,529,1,-107.37179218444993,4,96
2,239959,10.987011432647705,530,1,-101.95945093433622,4,96
2,239959,10.987015962600708,531,1,-97.96805571753761,4,96
2,239959,10.98702073097229,532,1,-104.45059089592587,4,96
2,239959,10.987025499343872,533,1,-83.88145734252977,4,96
2,239959,10.987057447433472,534,1,-65.33231109024368,4,96
2,239959,10.987064123153687,535,1,-105.00022716760431,4,96
2,239959,10.987068891525269,536,1,-104.72987087206364,4,96
2,239959,10.987073421478271,537,1,-138.39906276726984,4,96
2,239959,10.987077951431274,538,1,-98.99356080044944,4,96
2,239959,10.987082481384277,539,1,-106.01213179661102,4,96
2,239959,10.987086772918701,540,1,-107.30520279163139,4,96
2,239959,10.987091541290283,541,1,-63.698787744910746,4,96
2,239959,10.987096071243286,542,1,-101.71136506664055,4,96
2,239959,10.987100601196289,543,1,-76.81955350931771,4,96
2,239959,10.987104892730713,544,1,-107.68518009097131,4,96
2,239959,10.987109661102295,545,1,-124.15841693829343,4,96
2,239959,10.987114906311035,546,1,-120.2236921899435,4,96
2,239959,10.987119674682617,547,1,-106.11679105818835,4,96
2,239959,10.987123966217041,548,1,-104.24236718445104,4,96
2,239959,10.987128496170044,549,1,-111.55125290574689,4,96
2,239959,10.987133264541626,550,1,-155.00465323009408,4,96
2,239959,10.987137794494629,551,1,-117.55117363299283,4,96
2,239959,10.987142086029053,552,1,-97.88568767212767,4,96
2,239959,10.987147092819214,553,1,-72.71475089142358,4,96
2,239959,10.987151384353638,554,1,-102.5638038241883,4,96
2,239959,10.98715591430664,555,1,-126.21815487669133,4,96
2,239959,10.987160444259644,556,1,-116.46102389367991,4,96
2,239959,10.98716688156128,557,1,-100.32024907452512,4,96
2,239959,10.987174987792969,558,1,-101.85005372121805,4,96
2,239959,10.98717975616455,559,1,-76.43633798768485,4,96
2,239959,10.987184286117554,560,1,-124.69195611856206,4,96
2,239959,10.987189054489136,561,1,-104.3187910877193,4,96
2,239959,10.987193584442139,562,1,-112.9585960516542,4,96
2,239959,10.987197875976562,563,1,-102.6827658180945,4,96
2,239959,10.987202644348145,564,1,-113.904053562537,4,96
2,239959,10.987206935882568,565,1,-93.7380748008435,4,96
2,239959,10.987211465835571,566,1,-104.0393912147079,4,96
2,239959,10.987215757369995,567,1,-87.26725640481304,4,96
2,239959,10.987220287322998,568,1,-101.05548947490945,4,96
2,239959,10.98722505569458,569,1,-87.73168486797229,4,96
2,239959,10.987232208251953,570,1,-115.28888192012127,4,96
2,239959,10.987240076065063,571,1,-105.86203470140119,4,96
2,239959,10.987248659133911,572,1,-99.67695580677936,4,96
2,239959,10.987254858016968,573,1,-112.11928917628582,4,96
2,239959,10.98725938796997,574,1,-107.1407855049107,4,96
2,239959,10.987263679504395,575,1,-103.04622285153695,4,96
2,239959,10.987268447875977,576,1,-118.39439374258392,4,96
2,239959,10.98727297782898,577,1,-104.6858330957615,4,96
2,239959,10.987277030944824,578,1,-113.9703498810795,4,96
2,239959,10.987281322479248,579,1,-73.52410545838153,4,96
2,239959,10.98728632926941,580,1,-101.59341887892978,4,96
2,239959,10.987290620803833,581,1,-114.90421372754648,4,96
2,239959,10.987294912338257,582,1,-101.39431121443343,4,96
2,239959,10.987299919128418,583,1,-108.59283863943784,4,96
2,239959,10.987305164337158,584,1,-108.42785620053407,4,96
2,239959,10.987312316894531,585,1,-110.93306166322138,4,96
2,239959,10.987319946289062,586,1,-109.14100768107443,4,96
2,239959,10.987327814102173,587,1,-110.65560420676324,4,96
2,239959,10.987335205078125,588,1,-102.05496466582727,4,96
2,239959,10.987343549728394,589,1,-86.57045101536501,4,96
2,239959,10.987351655960083,590,1,-85.54410348724448,4,96
2,239959,10.987359285354614,591,1,-79.90795154561208,4,96
2,239959,10.987366914749146,592,1,-107.4973672331181,4,96
2,239959,10.987374782562256,593,1,-113.45188980645636,4,96
2,239959,10.987381935119629,594,1,-119.04255347937196,4,96
3,332236,16.923677444458008,389,1,-67.99063206934916,4,96
3,332236,16.923694610595703,468,1,-60.367996904664146,4,96
3,332236,16.92370104789734,541,1,-78.83405682895419,4,96
3,332236,16.9237060546875,595,1,-117.9567288991968,4,96
3,332236,16.92371129989624,596,1,-99.55065818987364,4,96
3,332236,16.923716068267822,597,1,-112.13901634436937,4,96
3,332236,16.923720598220825,598,1,-155.2366879901008,4,96
3,332236,16.923725605010986,599,1,-95.6375522512079,4,96
3,332236,16.92373037338257,600,1,-84.72095335413528,4,96
3,332236,16.923734664916992,601,1,-101.36958658779005,4,96
3,332236,16.923739671707153,602,1,-116.0474636392498,4,96
3,332236,16.923744201660156,603,1,-114.42164646907935,4,96
3,332236,16.923749208450317,604,1,-88.24397831217973,4,96
3,332236,16.92375373840332,605,1,-109.88336576092858,4,96
3,332236,16.923758268356323,606,1,-127.00923467440617,4,96
3,332236,16.923762559890747,607,1,-70.26468248886029,4,96
3,332236,16.92376732826233,608,1,-124.9421758994538,4,96
3,332236,16.923771619796753,609,1,-72.98246877133386,4,96
3,332236,16.923775911331177,610,1,-108.53423277530851,4,96
3,332236,16.92378067970276,611,1,-53.40518674204738,4,96
3,332236,16.923784971237183,612,1,-111.41001647090059,4,96
3,332236,16.923789262771606,613,1,-135.2078108692171,4,96
3,332236,16.92379355430603,614,1,-74.30137330341508,4,96
3,332236,16.923798322677612,615,1,-126.76119352433912,4,96
3,332236,16.923802614212036,616,1,-114.4728401500002,4,96
3,332236,16.92380714416504,617,1,-89.2500347663594,4,96
3,332236,16.923811674118042,618,1,-63.71758528328658,4,96
3,332236,16.923815965652466,619,1,-106.72839039719153,4,96
3,332236,16.92382049560547,620,1,-124.18525199756023,4,96
3,332236,16.923824787139893,621,1,-88.41362094775323,4,96
3,332236,16.923829317092896,622,1,-77.59451244011316,4,96
3,332236,16.9238338470459,623,1,-91.99443922726161,4,96
3,332236,16.923838138580322,624,1,-105.05335514034988,4,96
3,332236,16.923842430114746,625,1,-109.79186057144693,4,96
3,332236,16.923847198486328,626,1,-112.76939283136599,4,96
3,332236,16.923851490020752,627,1,-81.06309187868051,4,96
3,332236,16.923855781555176,628,1,-76.77742678805853,4,96
3,332236,16.923860788345337,629,1,-119.62648928683613,4,96
3,332236,16.923879146575928,630,1,-105.60909033531107,4,96
3,332236,16.92388367652893,631,1,-93.29707937150339,4,96
3,332236,16.923888206481934,632,1,-104.80594418544875,4,96
3,332236,16.923892498016357,633,1,-121.59949742193629,4,96
3,332236,16.92389678955078,634,1,-125.84237697023599,4,96
3,332236,16.923900842666626,635,1,-103.4550024228611,4,96
3,332236,16.92390537261963,636,1,-100.8752367679557,4,96
3,332236,16.923909425735474,637,1,-108.34707636321458,4,96
3,332236,16.92391347885132,638,1,-122.51304290583957,4,96
3,332236,16.923917770385742,639,1,-112.81865841393355,4,96
3,332236,16.923922061920166,640,1,-88.34289790864742,4,96
3,332236,16.92392659187317,641,1,-115.97341065412593,4,96
3,332236,16.923930644989014,642,1,-114.12760663006436,4,96
3,332236,16.92393469810486,643,1,-110.10596544535598,4,96
3,332236,16.923938751220703,644,1,-157.27018463908016,4,96
3,332236,16.923943042755127,645,1,-113.35541153871495,4,96
3,332236,16.92394757270813,646,1,-78.64057861874063,4,96
3,332236,16.923951625823975,647,1,-113.54194385763155,4,96
3,332236,16.92395567893982,648,1,-136.59102201656913,4,96
3,332236,16.923959732055664,649,1,-116.95888659168727,4,96
3,332236,16.92396378517151,650,1,-80.77811366788427,4,96
3,332236,16.923968076705933,651,1,-126.98661442070923,4,96
3,332236,16.923972368240356,652,1,-113.63310752654203,4,96
3,332236,16.92397665977478,653,1,-105.23341535077337,4,96
3,332236,16.923980712890625,654,1,-108.28259495370106,4,96
3,332236,16.923985481262207,655,1,-83.72981290518194,4,96
3,332236,16.92398953437805,656,1,-103.97785063026534,4,96
3,332236,16.923993587493896,657,1,-73.56152004534921,4,96
3,332236,16.92399787902832,658,1,-125.8742624115627,4,96
3,332236,16.924001932144165,659,1,-108.72988658217824,4,96
3,332236,16.924006462097168,660,1,-127.75717432441785,4,96
3,332236,16.924010753631592,661,1,-117.87974159407645,4,96
3,332236,16.924015045166016,662,1,-119.24547498639072,4,96
3,332236,16.92401933670044,663,1,-125.96807249730813,4,96
3,332236,16.924023866653442,664,1,-65.26466483249442,4,96
3,332236,16.924028396606445,665,1,-116.70632803060374,4,96
3,332236,16.92403268814087,666,1,-105.25143920220631,4,96
3,332236,16.92403745651245,667,1,-94.61586495288081,4,96
3,332236,16.924042463302612,668,1,-78.95749812202924,4,96
3,332236,16.924046754837036,669,1,-106.7152715407108,4,96
3,332236,16.92405128479004,670,1,-73.10717859485256,4,96
3,332236,16.924055337905884,671,1,-102.16002592021822,4,96
3,332236,16.92405939102173,672,1,-122.97278895292149,4,96
3,332236,16.924063444137573,673,1,-99.29636291210345,4,96
3,332236,16.924067735671997,674,1,-123.65219296081267,4,96
3,332236,16.924072265625,675,1,-87.16282504063406,4,96
3,332236,16.924076795578003,676,1,-114.13958115202098,4,96
3,332236,16.924080848693848,677,1,-71.20747464771928,4,96
3,332236,16.92408514022827,678,1,-106.18237543796856,4,96
3,332236,16.924089431762695,679,1,-136.42834032427555,4,96
3,332236,16.92409348487854,680,1,-82.39272305310597,4,96
3,332236,16.924097537994385,681,1,-141.6835709638787,4,96
3,332236,16.92410159111023,682,1,-122.35076697684781,4,96
3,332236,16.924105644226074,683,1,-108.71668862782253,4,96
3,332236,16.924110651016235,684,1,-130.03558072469855,4,96
3,332236,16.92411494255066,685,1,-125.45900179815354,4,96
3,332236,16.924118995666504,686,1,-119.82689617241603,4,96
3,332236,16.924123287200928,687,1,-105.96210874118782,4,96
3,332236,16.92412757873535,688,1,-108.68896954684618,4,96
3,332236,16.924131870269775,689,1,-121.10091573301659,4,96
3,332236,16.9241361618042,690,1,-87.45861856102083,4,96
3,332236,16.924140214920044,691,1,-116.18319548870416,4,96
3,332236,16.92414426803589,692,1,-136.12420421202302,4,96
3,332236,16.924148559570312,693,1,-103.63820308383218,4,96
3,332236,16.924152851104736,694,1,-109.69679475034289,4,96
3,332236,16.92415690422058,695,1,-93.26204412587197,4,96
3,332236,16.924161195755005,696,1,-103.32483910124925,4,96
3,332236,16.92416524887085,697,1,-103.48846387012165,4,96
3,332236,16.924169540405273,698,1,-109.82710923858883,4,96
3,332236,16.924173831939697,699,1,-123.9098051222312,4,96
3,332236,16.92417812347412,700,1,-92.44586316321141,4,96
3,332236,16.924182176589966,701,1,-116.51782629063536,4,96
3,332236,16.924186944961548,702,1,-125.11777068872752,4,96
3,332236,16.92419123649597,703,1,-93.11580045370394,4,96
3,332236,16.924195289611816,704,1,-103.0470981619707,4,96
3,332236,16.92419958114624,705,1,-74.03332475539187,4,96
3,332236,16.924203872680664,706,1,-115.68275754326775,4,96
3,332236,16.924208164215088,707,1,-144.94095732126792,4,96
3,332236,16.924212217330933,708,1,-88.7724346125708,4,96
3,332236,16.924216270446777,709,1,-150.59273348978763,4,96
3,332236,16.9242205619812,710,1,-108.84561303584229,4,96
3,332236,16.924224853515625,711,1,-109.85277313802881,4,96
3,332236,16.92422914505005,712,1,-131.06423005069516,4,96
3,332236,16.924233198165894,713,1,-127.53935360824931,4,96
3,332236,16.92423725128174,714,1,-72.79628608692879,4,96
3,332236,16.924241304397583,715,1,-101.84106768521822,4,96
3,332236,16.924245834350586,716,1,-125.94581067535478,4,96
3,332236,16.92424988746643,717,1,-114.83237446294163,4,96
3,332236,16.924253702163696,718,1,-97.43302388855146,4,96
3,332236,16.92425799369812,719,1,-103.68017949448088,4,96
3,332236,16.924262046813965,720,1,-124.00949666955597,4,96
3,332236,16.924266576766968,721,1,-77.88746539917385,4,96
3,332236,16.92427086830139,722,1,-95.05851764808034,4,96
3,332236,16.924275398254395,723,1,-114.49727907112538,4,96
3,332236,16.92427945137024,724,1,-88.18596489434923,4,96
3,332236,16.924283981323242,725,1,-100.35494796209805,4,96
3,332236,16.924288034439087,726,1,-108.06834563235168,4,96
3,332236,16.92429208755493,727,1,-61.111173173840704,4,96
3,332236,16.924296140670776,728,1,-102.65838509915797,4,96
3,332236,16.9243004322052,729,1,-103.09652581832216,4,96
3,332236,16.924304962158203,730,1,-116.9459569532811,4,96
3,332236,16.92445397377014,731,1,-136.42005239668094,4,96
3,332236,16.924469709396362,732,1,-119.90396757729191,4,96
3,332236,16.924476861953735,733,1,-113.33913032648336,4,96
3,332236,16.924482107162476,734,1,-117.85056317769505,4,96
3,332236,16.924486875534058,735,1,-69.6430131786157,4,96
3,332236,16.924492120742798,736,1,-143.26337833406723,4,96
3,332236,16.92449641227722,737,1,-114.46015887795747,4,96
3,332236,16.924500942230225,738,1,-119.07746611715106,4,96
3,332236,16.924505949020386,739,1,-115.3423729162361,4,96
3,332236,16.92451047897339,740,1,-102.28137282261001,4,96
3,332236,16.92451548576355,741,1,-121.79051146292277,4,96
3,332236,16.924520254135132,742,1,-84.49507652582497,4,96
3,332236,16.924524784088135,743,1,-109.71921004297421,4,96
3,332236,16.924529314041138,744,1,-127.43310933997387,4,96
3,332236,16.92453408241272,745,1,-112.90723537197852,4,96
3,332236,16.924538373947144,746,1,-120.73142728290915,4,96
3,332236,16.924542903900146,747,1,-119.8072721649969,4,96
3,332236,16.92454767227173,748,1,-111.09912551277809,4,96
3,332236,16.924551963806152,749,1,-116.04633380695401,4,96
3,332236,16.924556732177734,750,1,-106.66425891782771,4,96
3,332236,16.924564361572266,751,1,-126.87908106893332,4,96
3,332236,16.924572467803955,752,1,-168.63583927622633,4,96
3,332236,16.924580335617065,753,1,-86.40415531075463,4,96
3,332236,16.924587965011597,754,1,-117.23375475912121,4,96
3,332236,16.924595594406128,755,1,-105.80751976256546,4,96
3,332236,16.92460298538208,756,1,-151.84501118801123,4,96
3,332236,16.924610376358032,757,1,-123.79768735918523,4,96
3,332236,16.924617767333984,758,1,-162.93929448230443,4,96
3,332236,16.924625635147095,759,1,-113.00603018523137,4,96
3,332236,16.924632787704468,760,1,-83.2656775844848,4,96
3,332236,16.92463779449463,761,1,-101.95021659949731,4,96
3,332236,16.924642086029053,762,1,-68.01983646562337,4,96
3,332236,16.924646377563477,763,1,-141.82550068334044,4,96
3,332236,16.9246506690979,764,1,-110.39958369657155,4,96
3,332236,16.924655437469482,765,1,-129.61570994863817,4,96
3,332236,16.924659729003906,766,1,-132.74845927875742,4,96
3,332236,16.92466425895691,767,1,-101.31262614325271,4,96
3,332236,16.92467164993286,768,1,-179.7978223714705,4,96
3,332236,16.92467761039734,769,1,-100.57469538635148,4,96
3,332236,16.924682140350342,770,1,-104.1827055872718,4,96
3,332236,16.92468786239624,771,1,-115.80450158551385,4,96
3,332236,16.924693822860718,772,1,-103.24619953999596,4,96
3,332236,16.92469835281372,773,1,-111.21051155198437,4,96
3,332236,16.924702882766724,774,1,-114.40874275836909,4,96
3,332236,16.92470955848694,775,1,-67.17453030271977,4,96
3,332236,16.92471432685852,776,1,-90.93103266205992,4,96
3,332236,16.92471933364868,777,1,-66.8761762089518,4,96
3,332236,16.92472553253174,778,1,-67.1681606827254,4,96
3,332236,16.92473030090332,779,1,-103.42392972692308,4,96
3,332236,16.924735069274902,780,1,-110.58383779279302,4,96
3,332236,16.924739360809326,781,1,-185.501064860087,4,96
3,332236,16.92474675178528,782,1,-116.48051258978812,4,96
3,332236,16.92475461959839,783,1,-107.82743771972487,4,96
3,332236,16.92476177215576,784,1,-76.88340908745347,4,96
3,332236,16.924768209457397,785,1,-113.70323379878889,4,96
3,332236,16.92477512359619,786,1,-103.1603917448393,4,96
3,332236,16.924779653549194,787,1,-107.1012193892621,4,96
3,332236,16.924784421920776,788,1,-131.95766090535358,4,96
3,332236,16.92479133605957,789,1,-119.10356412743477,4,96
3,332236,16.92479920387268,790,1,-101.56422282734316,4,96
3,332236,16.924806356430054,791,1,-99.32082393781776,4,96
4,435998,23.319429397583008,611,1,-53.79422271058763,4,96
4,435998,23.319446086883545,468,1,-62.77023953528907,4,96
4,435998,23.3194522857666,727,1,-92.89974354257001,4,96
4,435998,23.319457292556763,792,1,-122.02433761049576,4,96
4,435998,23.319461822509766,793,1,-102.75084524974669,4,96
4,435998,23.319466590881348,794,1,-103.44030281360494,4,96
4,435998,23.31947088241577,795,1,-179.27151888868673,4,96
4,435998,23.319475173950195,796,1,-136.7818233382341,4,96
4,435998,23.319479942321777,797,1,-110.14921931466714,4,96
4,435998,23.31948447227478,798,1,-92.7593603154361,4,96
4,435998,23.319488763809204,799,1,-144.74254216981342,4,96
4,435998,23.319493293762207,800,1,-112.89731191853019,4,96
4,435998,23.31949782371521,801,1,-129.356347564026,4,96
4,435998,23.319502115249634,802,1,-116.42507099486095,4,96
4,435998,23.319506406784058,803,1,-126.97348945965865,4,96
4,435998,23.31951069831848,804,1,-84.17224556907597,4,96
4,435998,23.319515228271484,805,1,-103.58291286076786,4,96
4,435998,23.319519519805908,806,1,-110.15898846369413,4,96
4,435998,23.319523811340332,807,1,-108.06211266547339,4,96
4,435998,23.319528102874756,808,1,-112.94576501496992,4,96
4,435998,23.319532871246338,809,1,-114.04623143519535,4,96
4,435998,23.319536924362183,810,1,-114.48294815052878,4,96
4,435998,23.319541215896606,811,1,-86.61096652458815,4,96
4,435998,23.31954550743103,812,1,-104.79979737542138,4,96
4,435998,23.319550037384033,813,1,-119.8016599887151,4,96
4,435998,23.319554328918457,814,1,-105.4364585391741,4,96
4,435998,23.31955862045288,815,1,-101.50228842085092,4,96
4,435998,23.319562911987305,816,1,-101.72181951567399,4,96
4,435998,23.319567441940308,817,1,-118.6031649141816,4,96
4,435998,23.31957173347473,818,1,-95.79884805888105,4,96
4,435998,23.319576263427734,819,1,-100.059309568516,4,96
4,435998,23.31958031654358,820,1,-92.71407831585852,4,96
4,435998,23.319584846496582,821,1,-101.20040133186389,4,96
4,435998,23.319589376449585,822,1,-75.80704750088167,4,96
4,435998,23.31959366798401,823,1,-113.47076807142336,4,96
4,435998,23.319597721099854,824,1,-121.38429535260587,4,96
4,435998,23.319602489471436,825,1,-102.79200466847352,4,96
4,435998,23.31960678100586,826,1,-140.22950645354848,4,96
4,435998,23.319611310958862,827,1,-112.0245692980154,4,96
4,435998,23.319615840911865,828,1,-94.40762749415913,4,96
4,435998,23.31962013244629,829,1,-86.30447733991912,4,96
4,435998,23.319624185562134,830,1,-110.43055609522324,4,96
4,435998,23.319628477096558,831,1,-114.28053338612273,4,96
4,435998,23.31963324546814,832,1,-84.6933386618734,4,96
4,435998,23.319637298583984,833,1,-138.66752085095914,4,96
4,435998,23.319641590118408,834,1,-107.59648681665927,4,96
4,435998,23.319645881652832,835,1,-105.58980313697778,4,96
4,435998,23.319650173187256,836,1,-110.36860572933062,4,96
4,435998,23.31965470314026,837,1,-88.82682242923471,4,96
4,435998,23.31965923309326,838,1,-119.05963301481573,4,96
4,435998,23.319663763046265,839,1,-125.09143164165967,4,96
4,435998,23.319668292999268,840,1,-81.94488761321244,4,96
4,435998,23.31967258453369,841,1,-101.831581835809,4,96
4,435998,23.319676876068115,842,1,-98.62758298971332,4,96
4,435998,23.31968092918396,843,1,-118.05732976825989,4,96
4,435998,23.319685459136963,844,1,-87.39840856931424,4,96
4,435998,23.319689512252808,845,1,-81.20646434986145,4,96
4,435998,23.31969380378723,846,1,-117.86558585357221,4,96
4,435998,23.319697856903076,847,1,-97.19218898674313,4,96
4,435998,23.3197021484375,848,1,-105.90227396226162,4,96
4,435998,23.319706678390503,849,1,-111.09864942169074,4,96
4,435998,23.319710969924927,850,1,-113.8946836287717,4,96
4,435998,23.31971549987793,851,1,-118.8274952460329,4,96
4,435998,23.319720029830933,852,1,-115.40372649519585,4,96
4,435998,23.319724559783936,853,1,-97.60294321729882,4,96
4,435998,23.31972861289978,854,1,-109.2453668023676,4,96
4,435998,23.319732904434204,855,1,-89.40607294799625,4,96
4,435998,23.319737434387207,856,1,-66.06282488399745,4,96
4,435998,23.31974172592163,857,1,-123.16742298280019,4,96
4,435998,23.319745779037476,858,1,-86.11313117234394,4,96
4,435998,23.3197500705719,859,1,-122.07310417617316,4,96
4,435998,23.319754600524902,860,1,-102.93450815643905,4,96
4,435998,23.319758892059326,861,1,-116.27810356796687,4,96
4,435998,23.31976318359375,862,1,-135.5082061344286,4,96
4,435998,23.319767475128174,863,1,-114.30583989899708,4,96
4,435998,23.319772005081177,864,1,-161.29967052657238,4,96
4,435998,23.319777011871338,865,1,-98.57955141616544,4,96
4,435998,23.31978130340576,866,1,-108.09549121797009,4,96
4,435998,23.319785833358765,867,1,-81.48565765428121,4,96
4,435998,23.31979012489319,868,1,-113.13933396032934,4,96
4,435998,23.319794416427612,869,1,-101.65541065714804,4,96
4,435998,23.319798707962036,870,1,-112.06676357688984,4,96
4,435998,23.31980323791504,871,1,-102.85258429254641,4,96
4,435998,23.319807291030884,872,1,-79.74608374076746,4,96
4,435998,23.319811582565308,873,1,-115.96795492132514,4,96
4,435998,23.31981587409973,874,1,-86.48194434887287,4,96
4,435998,23.319820165634155,875,1,-111.1091607811486,4,96
4,435998,23.31982445716858,876,1,-119.07666815498212,4,96
4,435998,23.319828748703003,877,1,-141.4257907793518,4,96
4,435998,23.319832801818848,878,1,-105.04502744115878,4,96
4,435998,23.31983709335327,879,1,-88.5946778622169,4,96
4,435998,23.319841623306274,880,1,-87.93898841176158,4,96
4,435998,23.319846153259277,881,1,-105.42103208562749,4,96
4,435998,23.3198504447937,882,1,-74.10278453592704,4,96
4,435998,23.319854736328125,883,1,-66.36702338801435,4,96
4,435998,23.319859504699707,884,1,-119.3513534570029,4,96
4,435998,23.31986379623413,885,1,-112.89322676335983,4,96
4,435998,23.319867849349976,886,1,-82.20134818164318,4,96
4,435998,23.3198721408844,887,1,-95.19312467992926,4,96
4,435998,23.319876432418823,888,1,-112.91409750159569,4,96
4,435998,23.319880723953247,889,1,-118.93141162411489,4,96
4,435998,23.31988501548767,890,1,-101.64791131612013,4,96
4,435998,23.319889307022095,891,1,-120.02487166912445,4,96
4,435998,23.319893836975098,892,1,-107.50969781381177,4,96
4,435998,23.3198983669281,893,1,-62.86635614834821,4,96
4,435998,23.319902420043945,894,1,-119.77550474910024,4,96
4,435998,23.31990671157837,895,1,-111.16664603420418,4,96
4,435998,23.319911241531372,896,1,-107.071348360418,4,96
4,435998,23.319915533065796,897,1,-82.3220318278777,4,96
4,435998,23.31991982460022,898,1,-104.77795512191429,4,96
4,435998,23.319924354553223,899,1,-106.66238277883545,4,96
4,435998,23.319928884506226,900,1,-113.96996086802538,4,96
4,435998,23.31993317604065,901,1,-124.38229077920826,4,96
4,435998,23.319937467575073,902,1,-121.13000978014894,4,96
4,435998,23.319941520690918,903,1,-114.2296728800151,4,96
4,435998,23.3199462890625,904,1,-90.75671575331911,4,96
4,435998,23.319950580596924,905,1,-116.64479884333772,4,96
4,435998,23.319954872131348,906,1,-113.14517560643135,4,96
4,435998,23.31995916366577,907,1,-96.77532744138715,4,96
4,435998,23.319963693618774,908,1,-111.56103963824337,4,96
4,435998,23.3199679851532,909,1,-106.13691239132896,4,96
4,435998,23.319972038269043,910,1,-103.01586819248124,4,96
4,435998,23.319976329803467,911,1,-101.18997846693429,4,96
4,435998,23.31998085975647,912,1,-104.1459034074418,4,96
4,435998,23.319984912872314,913,1,-97.43171500878928,4,96
4,435998,23.31998920440674,914,1,-105.21270266317615,4,96
4,435998,23.319993495941162,915,1,-104.51812970675707,4,96
4,435998,23.319998025894165,916,1,-120.68155142954507,4,96
4,435998,23.32000231742859,917,1,-114.98392059812566,4,96
4,435998,23.320006608963013,918,1,-162.03781326778557,4,96
4,435998,23.32003164291382,919,1,-113.5199113940901,4,96
4,435998,23.3200364112854,920,1,-82.04657017671498,4,96
4,435998,23.320040941238403,921,1,-81.50124821739925,4,96
4,435998,23.320045232772827,922,1,-104.95665502789436,4,96
4,435998,23.32004976272583,923,1,-137.74346813107576,4,96
4,435998,23.320054054260254,924,1,-123.35841851239252,4,96
4,435998,23.320058345794678,925,1,-88.43258188479459,4,96
4,435998,23.32006287574768,926,1,-61.77485576475148,4,96
4,435998,23.320067405700684,927,1,-87.89802862958716,4,96
4,435998,23.320101261138916,928,1,-111.1725293125246,4,96
4,435998,23.32010793685913,929,1,-110.18580778210993,4,96
4,435998,23.320112705230713,930,1,-84.17191267953842,4,96
4,435998,23.320117473602295,931,1,-112.67850382127658,4,96
4,435998,23.32012176513672,932,1,-118.40796643058994,4,96
4,435998,23.320128440856934,933,1,-103.84231368042408,4,96
4,435998,23.320141792297363,934,1,-111.77478735578772,4,96
4,435998,23.320149898529053,935,1,-121.34358139942792,4,96
4,435998,23.320171356201172,936,1,-107.35325551101991,4,96
4,435998,23.320178270339966,937,1,-144.67032678352757,4,96
4,435998,23.320185899734497,938,1,-105.12998740286758,4,96
4,435998,23.320194005966187,939,1,-110.05735598260956,4,96
4,435998,23.32020139694214,940,1,-126.29110778394278,4,96
4,435998,23.320209503173828,941,1,-111.62524586326478,4,96
4,435998,23.32021713256836,942,1,-102.51816926645348,4,96
4,435998,23.32022500038147,943,1,-153.84756808631445,4,96
4,435998,23.320232629776,944,1,-105.12375468754483,4,96
4,435998,23.320261001586914,945,1,-104.01565469670216,4,96
4,435998,23.320268392562866,946,1,-114.12281949961654,4,96
4,435998,23.320273399353027,947,1,-121.34622719510011,4,96
4,435998,23.32027792930603,948,1,-94.67227573791877,4,96
4,435998,23.320282459259033,949,1,-122.1335733761681,4,96
4,435998,23.320286989212036,950,1,-141.65075478365426,4,96
4,435998,23.32029128074646,951,1,-103.76528510076805,4,96
4,435998,23.32030940055847,952,1,-104.9753771991477,4,96
4,435998,23.320313930511475,953,1,-127.21911115537122,4,96
4,435998,23.320338487625122,954,1,-98.08839500038275,4,96
4,435998,23.320343017578125,955,1,-99.85721139716044,4,96
4,435998,23.32036256790161,956,1,-89.73318338869207,4,96
4,435998,23.320367336273193,957,1,-112.87925355618044,4,96
4,435998,23.320392370224,958,1,-109.1122743501311,4,96
4,435998,23.32039713859558,959,1,-100.71165203321965,4,96
4,435998,23.320417165756226,960,1,-141.7511653623402,4,96
4,435998,23.320443153381348,961,1,-110.90265270592707,4,96
4,435998,23.32045006752014,962,1,-118.03743842404921,4,96
4,435998,23.320457220077515,963,1,-137.43452083567587,4,96
4,435998,23.320461750030518,964,1,-102.3581531167641,4,96
4,435998,23.320480823516846,965,1,-85.67509318798123,4,96
4,435998,23.32048511505127,966,1,-57.41659198697885,4,96
4,435998,23.320512294769287,967,1,-116.48846408070634,4,96
4,435998,23.32051920890808,968,1,-131.61072476359058,4,96
4,435998,23.320526838302612,969,1,-82.27831887831651,4,96
4,435998,23.320547819137573,970,1,-114.48521606812193,4,96
4,435998,23.320555686950684,971,1,-86.47875422420888,4,96
4,435998,23.320562839508057,972,1,-154.67309984614963,4,96
4,435998,23.32059669494629,973,1,-111.47119426366427,4,96
4,435998,23.320602893829346,974,1,-105.29408254933925,4,96
4,435998,23.32060742378235,975,1,-95.14624354628246,4,96
4,435998,23.320611715316772,976,1,-83.03535497673998,4,96
4,435998,23.320616245269775,977,1,-113.10098513571164,4,96
4,435998,23.32062268257141,978,1,-112.37490344955864,4,96
4,435998,23.3206307888031,979,1,-110.48006819096197,4,96
4,435998,23.320638418197632,980,1,-84.57174686443774,4,96
4,435998,23.320645332336426,981,1,-62.68530003817453,4,96
4,435998,23.320652961730957,982,1,-138.6917852025804,4,96
4,435998,23.32065773010254,983,1,-120.69429745580163,4,96
4,435998,23.320664644241333,984,1,-121.36757175843161,4,96
4,435998,23.320671796798706,985,1,-146.81301350169008,4,96
4,435998,23.320679664611816,986,1,-131.7553245149221,4,96
4,435998,23.320686101913452,987,1,-126.21876843449348,4,96
4,435998,23.320692539215088,988,1,-105.78269316095745,4,96
5,565963,31.4172306060791,611,1,-54.77211460612404,4,96
5,565963,31.4172625541687,966,1,-103.93574639463904,4,96
5,565963,31.417268753051758,926,1,-75.29923440987474,4,96
5,565963,31.41727352142334,989,1,-95.30145095883535,4,96
5,565963,31.417278051376343,990,1,-113.42419467670899,4,96
5,565963,31.417282342910767,991,1,-122.15529265286735,4,96
5,565963,31.41728663444519,992,1,-110.22385763192733,4,96
5,565963,31.417290687561035,993,1,-71.30420516468185,4,96
5,565963,31.417295694351196,994,1,-104.16261851014605,4,96
5,565963,31.41729974746704,995,1,-90.50089874040896,4,96
5,565963,31.417304277420044,996,1,-85.53874252425993,4,96
5,565963,31.417308568954468,997,1,-112.95722138789318,4,96
5,565963,31.41731333732605,998,1,-96.5665471328397,4,96
5,565963,31.417317628860474,999,1,-120.7967345387225,4,96
5,565963,31.41732168197632,1000,1,-122.06461155412237,4,96
5,565963,31.417325735092163,1001,1,-102.67285208030252,4,96
5,565963,31.417329788208008,1002,1,-102.82395254998693,4,96
5,565963,31.41733407974243,1003,1,-105.06111791908894,4,96
5,565963,31.417338132858276,1004,1,-83.53076330809621,4,96
5,565963,31.4173424243927,1005,1,-91.77461517880899,4,96
5,565963,31.417346477508545,1006,1,-104.61386368054933,4,96
5,565963,31.417351007461548,1007,1,-117.24159954646935,4,96
5,565963,31.417355060577393,1008,1,-121.76120286389096,4,96
5,565963,31.417359113693237,1009,1,-96.27504141209222,4,96
5,565963,31.417363166809082,1010,1,-106.04671159963821,4,96
5,565963,31.417367219924927,1011,1,-94.49279603224292,4,96
5,565963,31.41737127304077,1012,1,-95.04851240997458,4,96
5,565963,31.417375564575195,1013,1,-112.78542505052425,4,96
5,565963,31.41737985610962,1014,1,-85.7839806239183,4,96
5,565963,31.417383909225464,1015,1,-110.02834320727118,4,96
5,565963,31.41738796234131,1016,1,-106.08512834431515,4,96
5,565963,31.417392015457153,1017,1,-102.97942816564066,4,96
5,565963,31.417396306991577,1018,1,-96.40094582311028,4,96
5,565963,31.417400360107422,1019,1,-127.14528710015273,4,96
5,565963,31.417404413223267,1020,1,-114.48444253598261,4,96
5,565963,31.41740870475769,1021,1,-116.17361692497963,4,96
5,565963,31.417412757873535,1022,1,-84.78156503297613,4,96
5,565963,31.41741704940796,1023,1,-101.43800223906858,4,96
5,565963,31.417421579360962,1024,1,-82.00341506085623,4,96
5,565963,31.417425632476807,1025,1,-112.54686732613153,4,96
5,565963,31.41742992401123,1026,1,-96.70596566478699,4,96
5,565963,31.417434215545654,1027,1,-69.77552262716357,4,96
5,565963,31.4174382686615,1028,1,-95.50121381212432,4,96
5,565963,31.417442560195923,1029,1,-115.15715375858858,4,96
5,565963,31.417446613311768,1030,1,-94.72603966850238,4,96
5,565963,31.417450666427612,1031,1,-101.97591454457474,4,96
5,565963,31.417454719543457,1032,1,-116.00540736892441,4,96
5,565963,31.41745924949646,1033,1,-82.49441577978685,4,96
5,565963,31.417463064193726,1034,1,-105.36981176329911,4,96
5,565963,31.41746735572815,1035,1,-114.39916670827891,4,96
5,565963,31.417471408843994,1036,1,-106.70463359202057,4,96
5,565963,31.41747546195984,1037,1,-68.50564736772205,4,96
5,565963,31.417479515075684,1038,1,-88.4506508839572,4,96
5,565963,31.417483806610107,1039,1,-120.23985288800509,4,96
5,565963,31.417487859725952,1040,1,-115.17008778819807,4,96
5,565963,31.417491912841797,1041,1,-128.67480767622342,4,96
5,565963,31.41749596595764,1042,1,-131.81121971690487,4,96
5,565963,31.417500257492065,1043,1,-76.23653636785309,4,96
5,565963,31.41750454902649,1044,1,-112.11024565596944,4,96
5,565963,31.417508602142334,1045,1,-92.0255964335206,4,96
5,565963,31.4175124168396,1046,1,-65.28587280720238,4,96
5,565963,31.417516469955444,1047,1,-110.43140874396661,4,96
5,565963,31.41752052307129,1048,1,-86.35604496489397,4,96
5,565963,31.417524814605713,1049,1,-87.46327839407851,4,96
5,565963,31.417528867721558,1050,1,-106.46349921271533,4,96
5,565963,31.417532920837402,1051,1,-99.1630538313013,4,96
5,565963,31.417536973953247,1052,1,-142.7568097567605,4,96
5,565963,31.417541027069092,1053,1,-104.66116435367262,4,96
5,565963,31.417545318603516,1054,1,-111.024265274439,4,96
5,565963,31.41754937171936,1055,1,-115.30286196844939,4,96
5,565963,31.417553424835205,1056,1,-116.30798180997994,4,96
5,565963,31.41755723953247,1057,1,-104.88201258731341,4,96
5,565963,31.417561292648315,1058,1,-66.17995165680817,4,96
5,565963,31.41756534576416,1059,1,-112.34889436384053,4,96
5,565963,31.417569160461426,1060,1,-92.79615092905443,4,96
5,565963,31.41757345199585,1061,1,-122.31909845074955,4,96
5,565963,31.41757822036743,1062,1,-112.64124092173559,4,96
5,565963,31.417582511901855,1063,1,-118.26138544735528,4,96
5,565963,31.4175865650177,1064,1,-85.2824614248021,4,96
5,565963,31.417590856552124,1065,1,-73.40522743836688,4,96
5,565963,31.41759490966797,1066,1,-84.16943224982465,4,96
5,565963,31.417599201202393,1067,1,-104.8254968072143,4,96
5,565963,31.417603254318237,1068,1,-114.39335163882133,4,96
5,565963,31.417607307434082,1069,1,-110.23878372897289,4,96
5,565963,31.417611598968506,1070,1,-128.68899441245358,4,96
5,565963,31.41761589050293,1071,1,-110.46204283051551,4,96
5,565963,31.417619943618774,1072,1,-133.81362951318295,4,96
5,565963,31.41762375831604,1073,1,-71.54920478645101,4,96
5,565963,31.417627811431885,1074,1,-67.29397301036494,4,96
5,565963,31.41763210296631,1075,1,-72.24862373244221,4,96
5,565963,31.417635917663574,1076,1,-114.85533740309457,4,96
5,565963,31.41763997077942,1077,1,-109.0789087077627,4,96
5,565963,31.417644023895264,1078,1,-86.29146942705059,4,96
5,565963,31.417648315429688,1079,1,-110.13113620042623,4,96
5,565963,31.417652368545532,1080,1,-129.8706073479603,4,96
5,565963,31.417656660079956,1081,1,-71.50453113273784,4,96
5,565963,31.4176607131958,1082,1,-119.85309790405198,4,96
5,565963,31.417664766311646,1083,1,-104.98333683157212,4,96
5,565963,31.41766905784607,1084,1,-105.50416609098413,4,96
5,565963,31.417672872543335,1085,1,-102.39092262341025,4,96
5,565963,31.417677402496338,1086,1,-111.77389520255723,4,96
5,565963,31.417681455612183,1087,1,-107.78797792621624,4,96
5,565963,31.417685508728027,1088,1,-116.57242042762154,4,96
5,565963,31.41768980026245,1089,1,-104.32142726538883,4,96
5,565963,31.417694091796875,1090,1,-93.65407479625755,4,96
5,565963,31.4176983833313,1091,1,-89.21006270483745,4,96
5,565963,31.417702436447144,1092,1,-91.61392039779238,4,96
5,565963,31.41770625114441,1093,1,-122.35349431279438,4,96
5,565963,31.417710542678833,1094,1,-117.2146492958037,4,96
5,565963,31.417734384536743,1095,1,-90.43709862685395,4,96
5,565963,31.417738914489746,1096,1,-97.70170697256407,4,96
5,565963,31.41774320602417,1097,1,-47.53307026200154,4,96
5,565963,31.417747497558594,1098,1,-105.71901431297064,4,96
5,565963,31.41775155067444,1099,1,-126.0668572307315,4,96
5,565963,31.417755603790283,1100,1,-93.7915329565788,4,96
5,565963,31.417759895324707,1101,1,-110.90251182503191,4,96
5,565963,31.41776442527771,1102,1,-91.93040809231982,4,96
5,565963,31.417768478393555,1103,1,-113.5367477530242,4,96
5,565963,31.4177725315094,1104,1,-133.70951945276087,4,96
5,565963,31.417776823043823,1105,1,-81.1919984609117,4,96
5,565963,31.417780876159668,1106,1,-95.11765909996288,4,96
5,565963,31.417785167694092,1107,1,-58.58643224991454,4,96
5,565963,31.417789220809937,1108,1,-81.93640844095314,4,96
5,565963,31.41779351234436,1109,1,-109.38958296781072,4,96
5,565963,31.417797565460205,1110,1,-109.40334474608304,4,96
5,565963,31.41780161857605,1111,1,-112.08296685093151,4,96
5,565963,31.417806148529053,1112,1,-106.36814629431677,4,96
5,565963,31.417810201644897,1113,1,-96.40235134334533,4,96
5,565963,31.417814254760742,1114,1,-126.84192633157444,4,96
5,565963,31.417818546295166,1115,1,-64.18293110333416,4,96
5,565963,31.417823314666748,1116,1,-64.46965610622235,4,96
5,565963,31.417827367782593,1117,1,-120.68415073041336,4,96
5,565963,31.417831420898438,1118,1,-90.31608154901522,4,96
5,565963,31.41783571243286,1119,1,-91.43424842307945,4,96
5,565963,31.417853593826294,1120,1,-82.95444900901757,4,96
5,565963,31.417857885360718,1121,1,-114.01270137078671,4,96
5,565963,31.417861938476562,1122,1,-109.88781295611095,4,96
5,565963,31.417977571487427,1123,1,-110.96054454363667,4,96
5,565963,31.41798496246338,1124,1,-146.22977050489766,4,96
5,565963,31.41798973083496,1125,1,-77.56167663695527,4,96
5,565963,31.417994260787964,1126,1,-99.15728784466972,4,96
5,565963,31.417998790740967,1127,1,-101.17101691590953,4,96
5,565963,31.41800355911255,1128,1,-81.05059287214026,4,96
5,565963,31.41800808906555,1129,1,-114.6894722718095,4,96
5,565963,31.41802716255188,1130,1,-152.05492672936953,4,96
5,565963,31.418031692504883,1131,1,-194.46690420799416,4,96
5,565963,31.41805863380432,1132,1,-108.10362402301102,4,96
5,565963,31.418063402175903,1133,1,-103.67827328052881,4,96
5,565963,31.418067932128906,1134,1,-107.52615811258188,4,96
5,565963,31.41807246208191,1135,1,-108.56820235929794,4,96
5,565963,31.41807723045349,1136,1,-117.05357312674289,4,96
5,565963,31.418081521987915,1137,1,-103.77572622898384,4,96
5,565963,31.41808581352234,1138,1,-88.6431992608534,4,96
5,565963,31.41809058189392,1139,1,-125.83984764273387,4,96
5,565963,31.418097972869873,1140,1,-73.41995907391275,4,96
5,565963,31.418105125427246,1141,1,-109.80446015989227,4,96
5,565963,31.418112993240356,1142,1,-103.26879050632166,4,96
5,565963,31.418118476867676,1143,1,-91.7666756081612,4,96
5,565963,31.41812300682068,1144,1,-113.32237855193543,4,96
5,565963,31.41812753677368,1145,1,-70.06520627451677,4,96
5,565963,31.418132066726685,1146,1,-66.65991490169186,4,96
5,565963,31.41813635826111,1147,1,-103.76219967469655,4,96
5,565963,31.418140411376953,1148,1,-125.04117598465459,4,96
5,565963,31.418144941329956,1149,1,-116.7590276717045,4,96
5,565963,31.41814947128296,1150,1,-149.93518688173356,4,96
5,565963,31.418153762817383,1151,1,-97.83526934721144,4,96
5,565963,31.418158292770386,1152,1,-119.4901827189691,4,96
5,565963,31.41817879676819,1153,1,-70.54863371489127,4,96
5,565963,31.418184995651245,1154,1,-81.81453796065585,4,96
5,565963,31.41821312904358,1155,1,-109.2300749553132,4,96
5,565963,31.418219804763794,1156,1,-88.31120464364892,4,96
5,565963,31.418224334716797,1157,1,-94.59568737223812,4,96
5,565963,31.4182288646698,1158,1,-109.9376451226331,4,96
5,565963,31.418233394622803,1159,1,-113.82671754985356,4,96
5,565963,31.418237686157227,1160,1,-112.5955225464416,4,96
5,565963,31.41824221611023,1161,1,-62.17211766616031,4,96
5,565963,31.41824722290039,1162,1,-58.98849409393538,4,96
5,565963,31.41825246810913,1163,1,-99.69997749627943,4,96
5,565963,31.418259382247925,1164,1,-53.83381877203446,4,96
5,565963,31.418267011642456,1165,1,-133.2212947753482,4,96
5,565963,31.418272018432617,1166,1,-84.21215879593437,4,96
5,565963,31.41827654838562,1167,1,-145.1440645757497,4,96
5,565963,31.41828155517578,1168,1,-82.6545883738989,4,96
5,565963,31.418288469314575,1169,1,-85.97238402052628,4,96
5,565963,31.41829538345337,1170,1,-120.48708660569747,4,96
5,565963,31.41830325126648,1171,1,-72.35426858250304,4,96
5,565963,31.41831064224243,1172,1,-137.51317814278195,4,96
5,565963,31.41831684112549,1173,1,-76.60074866457347,4,96
5,565963,31.418323755264282,1174,1,-89.31959751798593,4,96
5,565963,31.418328762054443,1175,1,-113.4564439924264,4,96
5,565963,31.418333053588867,1176,1,-102.72038022685823,4,96
5,565963,31.41833782196045,1177,1,-97.14751418388124,4,96
5,565963,31.418342113494873,1178,1,-96.55154051821748,4,96
5,565963,31.418346405029297,1179,1,-113.60395092923271,4,96
5,565963,31.41835117340088,1180,1,-112.41280279821451,4,96
5,565963,31.418355464935303,1181,1,-116.9574802152172,4,96
5,565963,31.418359756469727,1182,1,-118.37852812632299,4,96
5,565963,31.41836404800415,1183,1,-95.2366635161232,4,96
5,565963,31.418368339538574,1184,1,-113.65336297445856,4,96
5,565963,31.418372869491577,1185,1,-133.58820447071025,4,96
